{
  "merged_rows": 64,
  "features_used": [
    "score",
    "duration_min",
    "sleep_need_min",
    "sleep_debt",
    "resting_hr",
    "pulse_ox",
    "sleep_start_hour",
    "short_sleep",
    "late_sleep",
    "weekday",
    "is_weekend",
    "sleep_score_4w"
  ],
  "targets": {
    "avg_speed": {
      "rows_used": 63,
      "target": "avg_speed",
      "features": [
        "score",
        "duration_min",
        "sleep_need_min",
        "sleep_debt",
        "resting_hr",
        "pulse_ox",
        "sleep_start_hour",
        "short_sleep",
        "late_sleep",
        "weekday",
        "is_weekend",
        "sleep_score_4w"
      ],
      "models": {
        "LinearRegression": {
          "MAE": 1.4628707005922243,
          "RMSE": 1.7387842540923748,
          "R2": -0.33872390828295673
        },
        "RandomForest": {
          "MAE": 1.4734903143959515,
          "RMSE": 1.7612487428921515,
          "R2": -0.37353906072608933
        }
      }
    },
    "avg_hr": {
      "error": "러닝 데이터에 타깃 컬럼이 없습니다: avg_hr (원본명: 평균 심박수)"
    },
    "tss": {
      "rows_used": 63,
      "target": "tss",
      "features": [
        "score",
        "duration_min",
        "sleep_need_min",
        "sleep_debt",
        "resting_hr",
        "pulse_ox",
        "sleep_start_hour",
        "short_sleep",
        "late_sleep",
        "weekday",
        "is_weekend",
        "sleep_score_4w"
      ],
      "models": {
        "LinearRegression": {
          "MAE": 27.786855992255866,
          "RMSE": 36.12522905747888,
          "R2": -1.7108970103665317
        },
        "RandomForest": {
          "MAE": 19.38996516587853,
          "RMSE": 25.768336620289492,
          "R2": -0.3793185280406155
        }
      }
    }
  }
}